、,補助記号-読点-*-*-*-*
。,補助記号-句点-*-*-*-*
は,助詞-係助詞-*-*-*-*
て,助詞-接続助詞-*-*-*-*
の,助詞-格助詞-*-*-*-*
を,助詞-格助詞-*-*-*-*
に,助詞-格助詞-*-*-*-*
た,助動詞-*-*-*-助動詞-タ-終止形-一般
も,助詞-係助詞-*-*-*-*
と,助詞-格助詞-*-*-*-*
だ,助動詞-*-*-*-助動詞-ダ-終止形-一般
が,助詞-格助詞-*-*-*-*
の,助詞-準体助詞-*-*-*-*
私,代名詞-*-*-*-*-*
メロス,名詞-普通名詞-一般-*-*-*
し,動詞-非自立可能-*-*-サ行変格-連用形-一般
「,補助記号-括弧開-*-*-*-*
」,補助記号-括弧閉-*-*-*-*
た,助動詞-*-*-*-助動詞-タ-連体形-一般
で,助詞-格助詞-*-*-*-*
で,助動詞-*-*-*-助動詞-ダ-連用形-一般
,空白-*-*-*-*-*
な,助動詞-*-*-*-助動詞-ダ-連体形-一般
から,助詞-格助詞-*-*-*-*
ぬ,助動詞-*-*-*-助動詞-ヌ-終止形-一般
に,助動詞-*-*-*-助動詞-ダ-連用形-ニ
それ,代名詞-*-*-*-*-*
いる,動詞-非自立可能-*-*-上一段-ア行-終止形-一般
人,名詞-普通名詞-一般-*-*-*
その,連体詞-*-*-*-*-*
おまえ,代名詞-*-*-*-*-*
来,動詞-非自立可能-*-*-カ行変格-連用形-一般
王,名詞-普通名詞-一般-*-*-*
友,名詞-普通名詞-一般-*-*-*
なっ,動詞-非自立可能-*-*-五段-ラ行-連用形-促音便
か,助詞-終助詞-*-*-*-*
れ,助動詞-*-*-*-助動詞-レル-連用形-一般
ない,助動詞-*-*-*-助動詞-ナイ-終止形-一般
ば,助詞-接続助詞-*-*-*-*
なら,動詞-非自立可能-*-*-五段-ラ行-未然形-一般
ある,動詞-非自立可能-*-*-五段-ラ行-終止形-一般
無い,形容詞-非自立可能-*-*-形容詞-終止形-一般
事,名詞-普通名詞-一般-*-*-*
セリヌンティウス,名詞-固有名詞-人名-一般-*-*
ああ,感動詞-一般-*-*-*-*
い,動詞-非自立可能-*-*-上一段-ア行-連用形-一般
か,助詞-副助詞-*-*-*-*
が,助詞-接続助詞-*-*-*-*
いる,動詞-非自立可能-*-*-上一段-ア行-連体形-一般
何,代名詞-*-*-*-*-*
ます,助動詞-*-*-*-助動詞-マス-終止形-一般
よう,形状詞-助動詞語幹-*-*-*-*
君,代名詞-*-*-*-*-*
この,連体詞-*-*-*-*-*
男,名詞-普通名詞-一般-*-*-*
！,補助記号-句点-*-*-*-*
まで,助詞-副助詞-*-*-*-*
三,名詞-数詞-*-*-*-*
で,助詞-接続助詞-*-*-*-*
あっ,動詞-非自立可能-*-*-五段-ラ行-連用形-促音便
市,名詞-普通名詞-一般-*-*-*
妹,名詞-普通名詞-一般-*-*-*
どう,副詞-*-*-*-*-*
から,助詞-接続助詞-*-*-*-*
お,接頭辞-*-*-*-*-*
いま,名詞-普通名詞-副詞可能-*-*-*
ここ,代名詞-*-*-*-*-*
そう,副詞-*-*-*-*-*
あの,連体詞-*-*-*-*-*
だ,助動詞-*-*-*-助動詞-タ-終止形-一般
もの,名詞-普通名詞-サ変可能-*-*-*
走っ,動詞-一般-*-*-五段-ラ行-連用形-促音便
村,名詞-普通名詞-一般-*-*-*
もう,副詞-*-*-*-*-*
です,助動詞-*-*-*-助動詞-デス-終止形-一般
たち,接尾辞-名詞的-一般-*-*-*
帰っ,動詞-一般-*-*-五段-ラ行-連用形-促音便
たら,助動詞-*-*-*-助動詞-タ-仮定形-一般
くれ,動詞-非自立可能-*-*-下一段-ラ行-命令形
時,名詞-普通名詞-副詞可能-*-*-*
一,名詞-数詞-*-*-*-*
これ,代名詞-*-*-*-*-*
殺し,動詞-一般-*-*-五段-サ行-連用形-一般
メロス,名詞-固有名詞-人名-一般-*-*
わし,代名詞-*-*-*-*-*
ぞ,助詞-終助詞-*-*-*-*
下さい,動詞-非自立可能-*-*-五段-ラ行-命令形
せ,助動詞-*-*-*-下一段-サ行-連用形-一般
声,名詞-普通名詞-一般-*-*-*
いい,形容詞-非自立可能-*-*-形容詞-終止形-一般
すぐ,副詞-*-*-*-*-*
陽,名詞-普通名詞-副詞可能-*-*-*
走る,動詞-一般-*-*-五段-ラ行-連体形-一般
ながら,助詞-接続助詞-*-*-*-*
よ,助詞-終助詞-*-*-*-*
なけれ,助動詞-*-*-*-助動詞-ナイ-仮定形-一般
なかっ,助動詞-*-*-*-助動詞-ナイ-連用形-促音便
いう,動詞-一般-*-*-五段-ワア行-連体形-一般
心,名詞-普通名詞-サ変可能-*-*-*
こと,名詞-普通名詞-一般-*-*-*
られ,助動詞-*-*-*-助動詞-レル-連用形-一般
殺さ,動詞-一般-*-*-五段-サ行-未然形-一般
くれ,動詞-非自立可能-*-*-下一段-ラ行-連用形-一般
信じ,動詞-一般-*-*-サ行変格-連用形-一般
だけ,助詞-副助詞-*-*-*-*
おくれ,動詞-非自立可能-*-*-下一段-ラ行-連用形-一般
気,名詞-普通名詞-一般-*-*-*
ぬ,助動詞-*-*-*-助動詞-ヌ-連体形-一般
群衆,名詞-普通名詞-サ変可能-*-*-*
結婚式,名詞-普通名詞-一般-*-*-*
なん,代名詞-*-*-*-*-*
さま,接尾辞-名詞的-一般-*-*-*
ござい,動詞-非自立可能-*-*-五段-ラ行-連用形-イ音便
出来,動詞-非自立可能-*-*-上一段-カ行-未然形-一般
暴君,名詞-普通名詞-一般-*-*-*
ず,助動詞-*-*-*-助動詞-ヌ-連用形-一般
為,名詞-普通名詞-副詞可能-*-*-*
へ,助詞-格助詞-*-*-*-*
約束,名詞-普通名詞-サ変可能-*-*-*
待っ,動詞-一般-*-*-五段-タ行-連用形-促音便
身代り,名詞-普通名詞-一般-*-*-*
間,名詞-普通名詞-副詞可能-*-*-*
家,名詞-普通名詞-一般-*-*-*
だろう,助動詞-*-*-*-助動詞-ダ-意志推量形
濁流,名詞-普通名詞-一般-*-*-*
けれど,接続詞-*-*-*-*-*
出発,名詞-普通名詞-サ変可能-*-*-*
十,名詞-数詞-*-*-*-*
歩い,動詞-一般-*-*-五段-カ行-連用形-イ音便
今,名詞-普通名詞-副詞可能-*-*-*
つもり,名詞-普通名詞-一般-*-*-*
夜,名詞-普通名詞-副詞可能-*-*-*
ばかり,助詞-副助詞-*-*-*-*
二,名詞-数詞-*-*-*-*
まま,名詞-普通名詞-副詞可能-*-*-*
王城,名詞-普通名詞-一般-*-*-*
出,動詞-一般-*-*-下一段-ダ行-連用形-一般
しまっ,動詞-非自立可能-*-*-五段-ワア行-連用形-促音便
無い,形容詞-非自立可能-*-*-形容詞-連体形-一般
自分,名詞-普通名詞-一般-*-*-*
磔,名詞-普通名詞-一般-*-*-*
日,接尾辞-名詞的-助数詞-*-*-*
来い,動詞-非自立可能-*-*-カ行変格-命令形
ちょっと,副詞-*-*-*-*-*
兄,名詞-普通名詞-一般-*-*-*
少し,副詞-*-*-*-*-*
出来,動詞-非自立可能-*-*-上一段-カ行-連用形-一般
なく,助動詞-*-*-*-助動詞-ナイ-連用形-一般
たい,助動詞-*-*-*-助動詞-タイ-終止形-一般
身,名詞-普通名詞-一般-*-*-*
まだ,副詞-*-*-*-*-*
信実,名詞-普通名詞-一般-*-*-*
れる,助動詞-*-*-*-助動詞-レル-終止形-一般
わけ,名詞-普通名詞-一般-*-*-*
夢,名詞-普通名詞-一般-*-*-*
ない,形容詞-非自立可能-*-*-形容詞-終止形-一般
殴れ,動詞-一般-*-*-五段-ラ行-命令形
殴っ,動詞-一般-*-*-五段-ラ行-連用形-促音便
牧人,名詞-普通名詞-一般-*-*-*
羊,名詞-普通名詞-一般-*-*-*
きょう,名詞-普通名詞-副詞可能-*-*-*
里,名詞-普通名詞-助数詞可能-*-*-*
二人,名詞-普通名詞-副詞可能-*-*-*
花婿,名詞-普通名詞-一般-*-*-*
祝宴,名詞-普通名詞-一般-*-*-*
うち,名詞-普通名詞-副詞可能-*-*-*
様子,名詞-普通名詞-一般-*-*-*
既に,副詞-*-*-*-*-*
質問,名詞-普通名詞-サ変可能-*-*-*
老爺,名詞-普通名詞-一般-*-*-*
答え,動詞-一般-*-*-下一段-ア行-連用形-一般
様,接尾辞-名詞的-一般-*-*-*
者,名詞-普通名詞-一般-*-*-*
まし,助動詞-*-*-*-助動詞-マス-連用形-一般
彼,代名詞-*-*-*-*-*
さ,動詞-非自立可能-*-*-サ行変格-未然形-サ
顔,名詞-普通名詞-一般-*-*-*
言う,動詞-一般-*-*-五段-ワア行-終止形-一般
な,助詞-終助詞-*-*-*-*
って,助詞-副助詞-*-*-*-*
挙げ,動詞-非自立可能-*-*-下一段-ガ行-連用形-一般
よい,形容詞-非自立可能-*-*-形容詞-終止形-一般
し,動詞-非自立可能-*-*-サ行変格-未然形-一般
―,補助記号-一般-*-*-*-*
たい,助動詞-*-*-*-助動詞-タイ-連体形-一般
なら,助動詞-*-*-*-助動詞-ダ-仮定形-一般
笑っ,動詞-一般-*-*-五段-ワア行-連用形-促音便
信じ,動詞-一般-*-*-サ行変格-未然形-一般
やる,動詞-非自立可能-*-*-五段-ラ行-連体形-一般
なく,形容詞-非自立可能-*-*-形容詞-連用形-一般
高く,形容詞-一般-*-*-形容詞-連用形-一般
疲労,名詞-普通名詞-サ変可能-*-*-*
｜,補助記号-一般-*-*-*-*
頬,名詞-普通名詞-一般-*-*-*
眼,名詞-普通名詞-一般-*-*-*
覚め,動詞-一般-*-*-下一段-マ行-連用形-一般
仕度,名詞-普通名詞-サ変可能-*-*-*
だ,助動詞-*-*-*-助動詞-タ-連体形-一般
雨,名詞-普通名詞-一般-*-*-*
佳い,形容詞-非自立可能-*-*-形容詞-連体形-一般
ついに,副詞-*-*-*-*-*
頃,名詞-普通名詞-副詞可能-*-*-*
ほど,助詞-副助詞-*-*-*-*
ある,動詞-非自立可能-*-*-五段-ラ行-連体形-一般
他,名詞-普通名詞-副詞可能-*-*-*
つ,接尾辞-名詞的-助数詞-*-*-*
いや,感動詞-一般-*-*-*-*
如く,助動詞-*-*-*-文語助動詞-ゴトシ-連用形-一般
浪,名詞-普通名詞-一般-*-*-*
流れ,名詞-普通名詞-一般-*-*-*
愛,名詞-普通名詞-一般-*-*-*
力,名詞-普通名詞-一般-*-*-*
峠,名詞-普通名詞-一般-*-*-*
山賊,名詞-普通名詞-一般-*-*-*
沈ま,動詞-一般-*-*-五段-マ行-未然形-一般
命,名詞-普通名詞-一般-*-*-*
勇者,名詞-普通名詞-一般-*-*-*
一ぱい,副詞-*-*-*-*-*
刑場,名詞-普通名詞-一般-*-*-*
わから,動詞-一般-*-*-五段-ラ行-未然形-一般
野,名詞-普通名詞-一般-*-*-*
シラクス,名詞-固有名詞-地名-一般-*-*
やっ,動詞-非自立可能-*-*-五段-ラ行-連用形-促音便
花嫁,名詞-普通名詞-一般-*-*-*
石工,名詞-普通名詞-一般-*-*-*
まち,名詞-普通名詞-一般-*-*-*
思っ,動詞-一般-*-*-五段-ワア行-連用形-促音便
路,名詞-普通名詞-一般-*-*-*
からだ,名詞-普通名詞-一般-*-*-*
王様,名詞-普通名詞-一般-*-*-*
そんな,形状詞-一般-*-*-*-*
居り,動詞-非自立可能-*-*-五段-ラ行-連用形-一般
ませ,助動詞-*-*-*-助動詞-マス-未然形-一般
人質,名詞-普通名詞-一般-*-*-*
ひとり,名詞-普通名詞-副詞可能-*-*-*
人,接尾辞-名詞的-一般-*-*-*
聞い,動詞-一般-*-*-五段-カ行-連用形-イ音便
する,動詞-非自立可能-*-*-サ行変格-連体形-一般
ディオニス,名詞-固有名詞-人名-一般-*-*
静か,形状詞-一般-*-*-*-*
手,名詞-普通名詞-助数詞可能-*-*-*
疑う,動詞-一般-*-*-五段-ワア行-連体形-一般
さえ,助詞-副助詞-*-*-*-*
疑っ,動詞-一般-*-*-五段-ワア行-連用形-促音便
と,助詞-接続助詞-*-*-*-*
人間,名詞-普通名詞-一般-*-*-*
さ,助詞-終助詞-*-*-*-*
平和,名詞-普通名詞-形状詞可能-*-*-*
決して,副詞-*-*-*-*-*
ただ,接続詞-*-*-*-*-*
情,名詞-普通名詞-一般-*-*-*
たった,副詞-*-*-*-*-*
一人,名詞-普通名詞-副詞可能-*-*-*
亭主,名詞-普通名詞-一般-*-*-*
やり,動詞-非自立可能-*-*-五段-ラ行-連用形-一般
ない,形容詞-非自立可能-*-*-形容詞-連体形-一般
られ,助動詞-*-*-*-助動詞-レル-未然形-一般
あれ,代名詞-*-*-*-*-*
置い,動詞-非自立可能-*-*-五段-カ行-連用形-イ音便
目,接尾辞-名詞的-一般-*-*-*
日没,名詞-普通名詞-一般-*-*-*
きっと,副詞-*-*-*-*-*
やろう,動詞-非自立可能-*-*-五段-ラ行-意志推量形
いのち,名詞-普通名詞-一般-*-*-*
大事,形状詞-一般-*-*-*-*
言い,動詞-一般-*-*-五段-ワア行-連用形-一般
佳,形容詞-非自立可能-*-*-形容詞-語幹-一般
き,助動詞-*-*-*-文語助動詞-キ-終止形-一般
縄,名詞-普通名詞-一般-*-*-*
急い,動詞-一般-*-*-五段-ガ行-連用形-イ音便
村人,名詞-普通名詞-一般-*-*-*
姿,名詞-普通名詞-一般-*-*-*
また,接続詞-*-*-*-*-*
よろよろ,副詞-*-*-*-*-*
出し,動詞-非自立可能-*-*-五段-サ行-連用形-一般
神々,名詞-普通名詞-一般-*-*-*
呼吸,名詞-普通名詞-サ変可能-*-*-*
婿,名詞-普通名詞-一般-*-*-*
い,動詞-非自立可能-*-*-上一段-ア行-未然形-一般
くれ,動詞-非自立可能-*-*-下一段-ラ行-未然形-一般
やがて,副詞-*-*-*-*-*
行き,動詞-非自立可能-*-*-五段-カ行-連用形-一般
在る,動詞-非自立可能-*-*-五段-ラ行-終止形-一般
考え,動詞-一般-*-*-下一段-ア行-連用形-一般
疲れ,動詞-一般-*-*-下一段-ラ行-連用形-一般
れる,助動詞-*-*-*-助動詞-レル-連体形-一般
若い,形容詞-一般-*-*-形容詞-連体形-一般
いい,形容詞-非自立可能-*-*-形容詞-連体形-一般
太陽,名詞-普通名詞-一般-*-*-*
ため,名詞-普通名詞-副詞可能-*-*-*
死ぬ,動詞-一般-*-*-五段-ナ行-連体形-一般
より,助詞-格助詞-*-*-*-*
掻き,動詞-一般-*-*-五段-カ行-連用形-一般
共,名詞-普通名詞-一般-*-*-*
無かっ,形容詞-非自立可能-*-*-形容詞-連用形-促音便
精,名詞-普通名詞-一般-*-*-*
なる,動詞-非自立可能-*-*-五段-ラ行-連体形-一般
胸,名詞-普通名詞-一般-*-*-*
死な,動詞-一般-*-*-五段-ナ行-未然形-一般
水,名詞-普通名詞-一般-*-*-*
音,名詞-普通名詞-一般-*-*-*
聞え,動詞-一般-*-*-下一段-ア行-連用形-一般
希望,名詞-普通名詞-サ変可能-*-*-*
生れ,動詞-一般-*-*-下一段-ラ行-連用形-一般
問題,名詞-普通名詞-一般-*-*-*
言っ,動詞-一般-*-*-五段-ワア行-連用形-促音便
信頼,名詞-普通名詞-サ変可能-*-*-*
悪い,形容詞-一般-*-*-形容詞-連体形-一般
やめ,動詞-一般-*-*-下一段-マ行-連用形-一般
方,名詞-普通名詞-一般-*-*-*
あなた,代名詞-*-*-*-*-*
最後,名詞-普通名詞-一般-*-*-*
ら,接尾辞-名詞的-一般-*-*-*
激怒,名詞-普通名詞-サ変可能-*-*-*
必ず,副詞-*-*-*-*-*
邪智,名詞-普通名詞-一般-*-*-*
決意,名詞-普通名詞-サ変可能-*-*-*
暮し,動詞-一般-*-*-五段-サ行-連用形-一般
ては,助詞-接続助詞-*-*-*-*
倍,名詞-普通名詞-助数詞可能-*-*-*
此の,連体詞-*-*-*-*-*
十六,名詞-数詞-*-*-*-*
暮し,名詞-普通名詞-一般-*-*-*
衣裳,名詞-普通名詞-一般-*-*-*
やら,助詞-副助詞-*-*-*-*
ぶらぶら,副詞-*-*-*-*-*
竹馬,名詞-普通名詞-一般-*-*-*
訪ね,動詞-一般-*-*-下一段-ナ行-連用形-一般
みる,動詞-非自立可能-*-*-上一段-マ行-連体形-一般
行く,動詞-非自立可能-*-*-五段-カ行-連体形-一般
日,名詞-普通名詞-副詞可能-*-*-*
落ち,動詞-一般-*-*-上一段-タ行-連用形-一般
暗い,形容詞-一般-*-*-形容詞-連体形-一般
無く,形容詞-非自立可能-*-*-形容詞-連用形-一般
若い衆,名詞-普通名詞-一般-*-*-*
年,名詞-普通名詞-助数詞可能-*-*-*
まえ,名詞-普通名詞-副詞可能-*-*-*
とき,名詞-普通名詞-副詞可能-*-*-*
皆,名詞-普通名詞-副詞可能-*-*-*
歌,名詞-普通名詞-一般-*-*-*
筈,名詞-普通名詞-一般-*-*-*
振っ,動詞-一般-*-*-五段-ラ行-連用形-促音便
答え,動詞-一般-*-*-下一段-ア行-未然形-一般
しばらく,副詞-*-*-*-*-*
こんど,名詞-普通名詞-副詞可能-*-*-*
もっと,副詞-*-*-*-*-*
両手,名詞-普通名詞-一般-*-*-*
悪心,名詞-普通名詞-一般-*-*-*
誰,代名詞-*-*-*-*-*
持っ,動詞-一般-*-*-五段-タ行-連用形-促音便
はじめ,名詞-普通名詞-副詞可能-*-*-*
乱心,名詞-普通名詞-サ変可能-*-*-*
なり,動詞-非自立可能-*-*-五段-ラ行-連用形-一般
ずつ,助詞-副助詞-*-*-*-*
命令,名詞-普通名詞-サ変可能-*-*-*
王,名詞-固有名詞-人名-姓-*-*
行っ,動詞-非自立可能-*-*-五段-カ行-連用形-促音便
たちまち,副詞-*-*-*-*-*
大きく,形容詞-一般-*-*-形容詞-連用形-一般
前,名詞-普通名詞-副詞可能-*-*-*
引き出さ,動詞-一般-*-*-五段-サ行-未然形-一般
救う,動詞-一般-*-*-五段-ワア行-連体形-一般
？,補助記号-句点-*-*-*-*
最も,副詞-*-*-*-*-*
べき,助動詞-*-*-*-文語助動詞-ベシ-連体形-一般
居,動詞-非自立可能-*-*-上一段-ア行-未然形-一般
教え,動詞-一般-*-*-下一段-ア行-連用形-一般
ほっと,副詞-*-*-*-*-*
溜息,名詞-普通名詞-一般-*-*-*
つい,動詞-一般-*-*-五段-カ行-連用形-イ音便
守る,動詞-一般-*-*-五段-ラ行-連体形-一般
罪,名詞-普通名詞-一般-*-*-*
口,名詞-普通名詞-一般-*-*-*
どんな,連体詞-*-*-*-*-*
泣い,動詞-一般-*-*-五段-カ行-連用形-イ音便
詫び,動詞-一般-*-*-上一段-バ行-連用形-一般
死ぬ,動詞-一般-*-*-五段-ナ行-終止形-一般
覚悟,名詞-普通名詞-サ変可能-*-*-*
など,助詞-副助詞-*-*-*-*
足もと,名詞-普通名詞-一般-*-*-*
日間,名詞-普通名詞-助数詞可能-*-*-*
嗄れ,動詞-一般-*-*-下一段-ラ行-連用形-一般
嘘,名詞-普通名詞-一般-*-*-*
わ,助詞-終助詞-*-*-*-*
い,助詞-終助詞-*-*-*-*
来る,動詞-非自立可能-*-*-カ行変格-終止形-一般
来る,動詞-非自立可能-*-*-カ行変格-連体形-一般
必死,形状詞-一般-*-*-*-*
友人,名詞-普通名詞-一般-*-*-*
行こう,動詞-非自立可能-*-*-五段-カ行-意志推量形
来,動詞-非自立可能-*-*-カ行変格-未然形-一般
気持,名詞-普通名詞-一般-*-*-*
そっと,副詞-*-*-*-*-*
願い,名詞-普通名詞-一般-*-*-*
永遠,名詞-普通名詞-一般-*-*-*
ゆるし,動詞-一般-*-*-五段-サ行-連用形-一般
だっ,助動詞-*-*-*-助動詞-ダ-連用形-促音便
事情,名詞-普通名詞-一般-*-*-*
首肯き,動詞-一般-*-*-五段-カ行-連用形-一般
ひしと,副詞-*-*-*-*-*
打た,動詞-一般-*-*-五段-タ行-未然形-一般
せ,動詞-非自立可能-*-*-サ行変格-未然形-セ
到着,名詞-普通名詞-サ変可能-*-*-*
翌る日,名詞-普通名詞-一般-*-*-*
昇っ,動詞-一般-*-*-五段-ラ行-連用形-促音便
はじめ,動詞-非自立可能-*-*-下一段-マ行-連用形-一般
努め,動詞-一般-*-*-下一段-マ行-連用形-一般
用事,名詞-普通名詞-一般-*-*-*
行か,動詞-非自立可能-*-*-五段-カ行-未然形-一般
あす,名詞-普通名詞-副詞可能-*-*-*
あからめ,動詞-一般-*-*-下一段-マ行-連用形-一般
知ら,動詞-一般-*-*-五段-ラ行-未然形-一般
くらい,助詞-副助詞-*-*-*-*
明日,名詞-普通名詞-副詞可能-*-*-*
つづけ,動詞-非自立可能-*-*-下一段-カ行-連用形-一般
真昼,名詞-普通名詞-一般-*-*-*
不吉,名詞-普通名詞-形状詞可能-*-*-*
感じ,動詞-一般-*-*-サ行変格-連用形-一般
中,名詞-普通名詞-副詞可能-*-*-*
忘れ,動詞-非自立可能-*-*-下一段-ラ行-連用形-一般
いよいよ,副詞-*-*-*-*-*
豪雨,名詞-普通名詞-一般-*-*-*
わが,連体詞-*-*-*-*-*
小降り,名詞-普通名詞-一般-*-*-*
やはり,副詞-*-*-*-*-*
未練,名詞-普通名詞-形状詞可能-*-*-*
今宵,名詞-普通名詞-副詞可能-*-*-*
一ばん,副詞-*-*-*-*-*
宝,名詞-普通名詞-一般-*-*-*
全部,名詞-普通名詞-副詞可能-*-*-*
宴席,名詞-普通名詞-一般-*-*-*
死ん,動詞-一般-*-*-五段-ナ行-連用形-撥音便
大丈夫,形状詞-一般-*-*-*-*
すれ,動詞-非自立可能-*-*-サ行変格-仮定形-一般
ところ,名詞-普通名詞-副詞可能-*-*-*
見せ,動詞-非自立可能-*-*-下一段-サ行-連用形-一般
台,名詞-普通名詞-助数詞可能-*-*-*
やる,動詞-非自立可能-*-*-五段-ラ行-終止形-一般
さて,接続詞-*-*-*-*-*
名誉,名詞-普通名詞-形状詞可能-*-*-*
幾度,名詞-普通名詞-一般-*-*-*
えい,感動詞-一般-*-*-*-*
大声,名詞-普通名詞-一般-*-*-*
そろそろ,副詞-*-*-*-*-*
もはや,副詞-*-*-*-*-*
夫婦,名詞-普通名詞-一般-*-*-*
なる,動詞-非自立可能-*-*-五段-ラ行-終止形-一般
全,接頭辞-*-*-*-*-*
泣き,動詞-一般-*-*-五段-カ行-連用形-一般
ゼウス,名詞-固有名詞-人名-一般-*-*
荒れ狂う,動詞-一般-*-*-五段-ワア行-連体形-一般
沈ん,動詞-一般-*-*-五段-マ行-連用形-撥音便
友達,名詞-普通名詞-一般-*-*-*
一刻,名詞-普通名詞-副詞可能-*-*-*
行く,動詞-非自立可能-*-*-五段-カ行-終止形-一般
泳ぎ,動詞-一般-*-*-五段-ガ行-連用形-一般
照覧,名詞-普通名詞-サ変可能-*-*-*
誠,名詞-普通名詞-一般-*-*-*
こそ,助詞-係助詞-*-*-*-*
腕,名詞-普通名詞-一般-*-*-*
神,名詞-普通名詞-一般-*-*-*
ありがたい,形容詞-一般-*-*-形容詞-終止形-一般
大きな,連体詞-*-*-*-*-*
むだ,名詞-普通名詞-形状詞可能-*-*-*
のぼり,動詞-一般-*-*-五段-ラ行-連用形-一般
切っ,動詞-非自立可能-*-*-五段-ラ行-連用形-促音便
目,名詞-普通名詞-一般-*-*-*
待て,動詞-一般-*-*-五段-タ行-命令形
棍棒,名詞-普通名詞-一般-*-*-*
正義,名詞-普通名詞-一般-*-*-*
一気,名詞-普通名詞-一般-*-*-*
駈け降り,動詞-一般-*-*-上一段-ラ行-連用形-一般
突破,名詞-普通名詞-サ変可能-*-*-*
真,名詞-普通名詞-一般-*-*-*
動け,動詞-一般-*-*-下一段-カ行-未然形-一般
不信,名詞-普通名詞-一般-*-*-*
みじん,名詞-普通名詞-一般-*-*-*
心臓,名詞-普通名詞-一般-*-*-*
笑わ,動詞-一般-*-*-五段-ワア行-未然形-一般
同じ,連体詞-*-*-*-*-*
ありがとう,感動詞-一般-*-*-*-*
たまら,動詞-一般-*-*-五段-ラ行-未然形-一般
くれる,動詞-非自立可能-*-*-下一段-ラ行-終止形-一般
する,動詞-非自立可能-*-*-サ行変格-終止形-一般
者,接尾辞-名詞的-一般-*-*-*
なかっ,形容詞-非自立可能-*-*-形容詞-連用形-促音便
耳,名詞-普通名詞-一般-*-*-*
頭,名詞-普通名詞-一般-*-*-*
小さく,形容詞-一般-*-*-形容詞-連用形-一般
葉,名詞-普通名詞-一般-*-*-*
先刻,名詞-普通名詞-一般-*-*-*
沈む,動詞-一般-*-*-五段-マ行-終止形-一般
正直,名詞-普通名詞-形状詞可能-*-*-*
風,名詞-普通名詞-一般-*-*-*
酒宴,名詞-普通名詞-一般-*-*-*
ゆく,動詞-非自立可能-*-*-五段-カ行-連体形-一般
早く,形容詞-一般-*-*-形容詞-連用形-一般
裸体,名詞-普通名詞-一般-*-*-*
度,名詞-普通名詞-助数詞可能-*-*-*
見える,動詞-一般-*-*-下一段-ア行-終止形-一般
塔楼,名詞-普通名詞-一般-*-*-*
夕陽,名詞-普通名詞-一般-*-*-*
走り,動詞-一般-*-*-五段-ラ行-連用形-一般
フィロストラトス,名詞-固有名詞-人名-一般-*-*
叫ん,動詞-一般-*-*-五段-バ行-連用形-撥音便
大きい,形容詞-一般-*-*-形容詞-連体形-一般
見つめ,動詞-一般-*-*-下一段-マ行-連用形-一般
間に合わ,動詞-一般-*-*-五段-ワア行-未然形-一般
つい,動詞-非自立可能-*-*-五段-カ行-連用形-イ音便
走る,動詞-一般-*-*-五段-ラ行-終止形-一般
釣り上げ,動詞-一般-*-*-下一段-ガ行-未然形-一般
一度,名詞-普通名詞-副詞可能-*-*-*
抱擁,名詞-普通名詞-サ変可能-*-*-*
仲間,名詞-普通名詞-一般-*-*-*
万歳,名詞-普通名詞-サ変可能-*-*-*
マント,名詞-普通名詞-一般-*-*-*
かの,連体詞-*-*-*-*-*
暴虐,名詞-普通名詞-形状詞可能-*-*-*
除か,動詞-一般-*-*-五段-カ行-未然形-一般
政治,名詞-普通名詞-一般-*-*-*
笛,名詞-普通名詞-一般-*-*-*
吹き,動詞-一般-*-*-五段-カ行-連用形-一般
遊ん,動詞-一般-*-*-五段-バ行-連用形-撥音便
邪悪,名詞-普通名詞-形状詞可能-*-*-*
対し,動詞-一般-*-*-サ行変格-連用形-一般
敏感,名詞-普通名詞-形状詞可能-*-*-*
未明,名詞-普通名詞-副詞可能-*-*-*
越え,動詞-一般-*-*-下一段-ア行-連用形-一般
山越え,名詞-普通名詞-一般-*-*-*
なれ,動詞-非自立可能-*-*-下一段-ラ行-連用形-一般
父,名詞-普通名詞-一般-*-*-*
母,名詞-普通名詞-一般-*-*-*
女房,名詞-普通名詞-一般-*-*-*
内気,名詞-普通名詞-形状詞可能-*-*-*
或る,連体詞-*-*-*-*-*
律気,名詞-普通名詞-形状詞可能-*-*-*
近々,名詞-普通名詞-副詞可能-*-*-*
迎える,動詞-一般-*-*-下一段-ア行-連体形-一般
間近,形状詞-一般-*-*-*-*
ゆえ,名詞-普通名詞-副詞可能-*-*-*
御馳走,名詞-普通名詞-サ変可能-*-*-*
買い,動詞-一般-*-*-五段-ワア行-連用形-一般
はるばる,副詞-*-*-*-*-*
先ず,副詞-*-*-*-*-*
品々,名詞-普通名詞-一般-*-*-*
買い集め,動詞-一般-*-*-下一段-マ行-連用形-一般
都,名詞-普通名詞-一般-*-*-*
大路,名詞-普通名詞-一般-*-*-*
此,代名詞-*-*-*-*-*
久しく,形容詞-一般-*-*-形容詞-連用形-一般
逢わ,動詞-一般-*-*-五段-ワア行-未然形-一般
楽しみ,名詞-普通名詞-一般-*-*-*
怪しく,形容詞-一般-*-*-形容詞-連用形-一般
ひっそり,副詞-*-*-*-*-*
当りまえ,形状詞-一般-*-*-*-*
せい,名詞-普通名詞-一般-*-*-*
全体,名詞-普通名詞-一般-*-*-*
やけ,名詞-普通名詞-一般-*-*-*
寂しい,形容詞-一般-*-*-形容詞-終止形-一般
のんき,形状詞-一般-*-*-*-*
だんだん,副詞-*-*-*-*-*
不安,名詞-普通名詞-形状詞可能-*-*-*
逢っ,動詞-一般-*-*-五段-ワア行-連用形-促音便
つかまえ,動詞-一般-*-*-下一段-ア行-連用形-一般
うたっ,動詞-一般-*-*-五段-ワア行-連用形-促音便
賑やか,形状詞-一般-*-*-*-*
首,名詞-普通名詞-一般-*-*-*
逢い,動詞-一般-*-*-五段-ワア行-連用形-一般
語勢,名詞-普通名詞-一般-*-*-*
強く,形容詞-一般-*-*-形容詞-連用形-一般
ゆすぶっ,動詞-一般-*-*-五段-ラ行-連用形-促音便
重ね,動詞-一般-*-*-下一段-ナ行-連用形-一般
あたり,名詞-普通名詞-副詞可能-*-*-*
はばかる,動詞-一般-*-*-五段-ラ行-連体形-一般
低声,名詞-普通名詞-一般-*-*-*
わずか,副詞-*-*-*-*-*
なぜ,副詞-*-*-*-*-*
殺す,動詞-一般-*-*-五段-サ行-連体形-一般
抱い,動詞-一般-*-*-五段-カ行-連用形-イ音便
たくさん,形状詞-一般-*-*-*-*
はい,感動詞-一般-*-*-*-*
妹婿,名詞-普通名詞-一般-*-*-*
御自身,名詞-普通名詞-一般-*-*-*
世嗣,名詞-普通名詞-一般-*-*-*
御子,名詞-普通名詞-一般-*-*-*
皇后,名詞-普通名詞-一般-*-*-*
賢臣,名詞-普通名詞-一般-*-*-*
アレキス,名詞-固有名詞-人名-一般-*-*
おどろい,動詞-一般-*-*-五段-カ行-連用形-イ音便
国王,名詞-普通名詞-一般-*-*-*
いいえ,感動詞-一般-*-*-*-*
信ずる,動詞-一般-*-*-サ行変格-連体形-一般
このごろ,名詞-普通名詞-一般-*-*-*
臣下,名詞-普通名詞-一般-*-*-*
疑い,名詞-普通名詞-一般-*-*-*
少しく,副詞-*-*-*-*-*
派手,名詞-普通名詞-形状詞可能-*-*-*
差し出す,動詞-一般-*-*-五段-サ行-連体形-一般
命じ,動詞-一般-*-*-サ行変格-連用形-一般
御,接頭辞-*-*-*-*-*
拒め,動詞-一般-*-*-五段-マ行-仮定形-一般
十字架,名詞-普通名詞-一般-*-*-*
かけ,動詞-非自立可能-*-*-下一段-カ行-未然形-一般
六,名詞-数詞-*-*-*-*
呆れ,動詞-一般-*-*-下一段-ラ行-連用形-一般
生かし,動詞-一般-*-*-五段-サ行-連用形-一般
置け,動詞-非自立可能-*-*-下一段-カ行-未然形-一般
単純,形状詞-一般-*-*-*-*
買い物,名詞-普通名詞-サ変可能-*-*-*
背負っ,動詞-一般-*-*-五段-ワア行-連用形-促音便
のそのそ,副詞-*-*-*-*-*
はいっ,動詞-一般-*-*-五段-ラ行-連用形-促音便
巡邏,名詞-普通名詞-サ変可能-*-*-*
警吏,名詞-普通名詞-一般-*-*-*
捕縛,名詞-普通名詞-サ変可能-*-*-*
調べ,動詞-一般-*-*-下一段-バ行-未然形-一般
懐中,名詞-普通名詞-サ変可能-*-*-*
短剣,名詞-普通名詞-一般-*-*-*
騒ぎ,名詞-普通名詞-一般-*-*-*
短刀,名詞-普通名詞-一般-*-*-*
言え,動詞-一般-*-*-五段-ワア行-命令形
威厳,名詞-普通名詞-一般-*-*-*
以,動詞-一般-*-*-文語四段-タ行-連用形-促音便
問いつめ,動詞-一般-*-*-下一段-マ行-連用形-一般
蒼白,名詞-普通名詞-形状詞可能-*-*-*
眉間,名詞-普通名詞-一般-*-*-*
皺,名詞-普通名詞-一般-*-*-*
刻み込ま,動詞-一般-*-*-五段-マ行-未然形-一般
深かっ,形容詞-一般-*-*-形容詞-連用形-促音便
悪びれ,動詞-一般-*-*-下一段-ラ行-未然形-一般
憫笑,名詞-普通名詞-サ変可能-*-*-*
仕方,名詞-普通名詞-一般-*-*-*
やつ,名詞-普通名詞-一般-*-*-*
じゃ,助動詞-*-*-*-助動詞-ジャ-終止形-一般
孤独,名詞-普通名詞-形状詞可能-*-*-*
いきり立っ,動詞-一般-*-*-五段-タ行-連用形-促音便
反駁,名詞-普通名詞-サ変可能-*-*-*
恥ず,動詞-一般-*-*-文語上二段-ダ行-終止形-一般
悪徳,名詞-普通名詞-一般-*-*-*
民,名詞-普通名詞-一般-*-*-*
忠誠,名詞-普通名詞-一般-*-*-*
られる,助動詞-*-*-*-助動詞-レル-終止形-一般
正当,名詞-普通名詞-形状詞可能-*-*-*
心構え,名詞-普通名詞-一般-*-*-*
あて,名詞-普通名詞-一般-*-*-*
もともと,副詞-*-*-*-*-*
私慾,名詞-普通名詞-一般-*-*-*
かたまり,名詞-普通名詞-一般-*-*-*
落着い,動詞-一般-*-*-五段-カ行-連用形-イ音便
呟き,動詞-一般-*-*-五段-カ行-連用形-一般
望ん,動詞-一般-*-*-五段-マ行-連用形-撥音便
地位,名詞-普通名詞-一般-*-*-*
嘲笑,名詞-普通名詞-サ変可能-*-*-*
だまれ,動詞-一般-*-*-五段-ラ行-命令形
下賤,名詞-普通名詞-形状詞可能-*-*-*
さっ,副詞-*-*-*-*-*
報い,動詞-一般-*-*-上一段-ア行-連用形-一般
清らか,形状詞-一般-*-*-*-*
言える,動詞-一般-*-*-下一段-ア行-終止形-一般
腹,名詞-普通名詞-一般-*-*-*
綿,名詞-普通名詞-一般-*-*-*
奥底,名詞-普通名詞-一般-*-*-*
見え透い,動詞-一般-*-*-五段-カ行-連用形-イ音便
たって,助詞-接続助詞-*-*-*-*
聞か,動詞-一般-*-*-五段-カ行-未然形-一般
悧巧,形状詞-一般-*-*-*-*
自惚れ,動詞-一般-*-*-下一段-ラ行-連用形-一般
ちゃんと,副詞-*-*-*-*-*
る,助動詞-*-*-*-文語助動詞-リ-連体形-一般
居る,動詞-非自立可能-*-*-上一段-ア行-連体形-一般
命乞い,名詞-普通名詞-一般-*-*-*
言いかけ,動詞-一般-*-*-下一段-カ行-連用形-一般
視線,名詞-普通名詞-一般-*-*-*
落し,動詞-一般-*-*-五段-サ行-連用形-一般
瞬時,名詞-普通名詞-副詞可能-*-*-*
ためらい,名詞-普通名詞-一般-*-*-*
かけ,動詞-非自立可能-*-*-下一段-カ行-連用形-一般
処刑,名詞-普通名詞-サ変可能-*-*-*
日限,名詞-普通名詞-一般-*-*-*
与え,動詞-一般-*-*-下一段-ア行-連用形-一般
持た,動詞-一般-*-*-五段-タ行-未然形-一般
挙げ,動詞-非自立可能-*-*-下一段-ガ行-未然形-一般
させ,助動詞-*-*-*-下一段-サ行-連用形-一般
ばか,名詞-普通名詞-形状詞可能-*-*-*
低く,形容詞-一般-*-*-形容詞-連用形-一般
とんでも,副詞-*-*-*-*-*
逃がし,動詞-一般-*-*-五段-サ行-連用形-一般
小鳥,名詞-普通名詞-一般-*-*-*
言い張っ,動詞-一般-*-*-五段-ラ行-連用形-促音便
守り,動詞-一般-*-*-五段-ラ行-連用形-一般
許し,動詞-一般-*-*-五段-サ行-連用形-一般
帰り,名詞-普通名詞-一般-*-*-*
よろしい,形容詞-一般-*-*-形容詞-終止形-一般
無二,名詞-普通名詞-一般-*-*-*
逃げ,動詞-一般-*-*-下一段-ガ行-連用形-一般
日暮,名詞-普通名詞-一般-*-*-*
絞め殺し,動詞-一般-*-*-五段-サ行-連用形-一般
たのむ,動詞-一般-*-*-五段-マ行-連体形-一般
残虐,名詞-普通名詞-形状詞可能-*-*-*
北叟笑ん,動詞-一般-*-*-五段-マ行-連用形-撥音便
生意気,名詞-普通名詞-形状詞可能-*-*-*
どうせ,副詞-*-*-*-*-*
きまっ,動詞-一般-*-*-五段-ラ行-連用形-促音便
嘘つき,名詞-普通名詞-形状詞可能-*-*-*
騙さ,動詞-一般-*-*-五段-サ行-未然形-一般
振り,名詞-普通名詞-助数詞可能-*-*-*
放し,動詞-一般-*-*-五段-サ行-連用形-一般
面白い,形容詞-一般-*-*-形容詞-終止形-一般
気味,名詞-普通名詞-一般-*-*-*
悲しい,形容詞-一般-*-*-形容詞-連体形-一般
磔刑,名詞-普通名詞-一般-*-*-*
処し,動詞-一般-*-*-サ行変格-連用形-一般
世の中,名詞-普通名詞-一般-*-*-*
正直,副詞-*-*-*-*-*
奴輩,名詞-普通名詞-一般-*-*-*
うんと,感動詞-フィラー-*-*-*-*
見せつけ,動詞-一般-*-*-下一段-カ行-連用形-一般
呼ぶ,動詞-一般-*-*-五段-バ行-終止形-一般
殺す,動詞-一般-*-*-五段-サ行-終止形-一般
なに,代名詞-*-*-*-*-*
おっしゃる,動詞-一般-*-*-五段-ラ行-終止形-一般
はは,感動詞-一般-*-*-*-*
わかっ,動詞-一般-*-*-五段-ラ行-連用形-促音便
口惜しく,形容詞-一般-*-*-形容詞-連用形-一般
地団駄,名詞-普通名詞-一般-*-*-*
踏ん,動詞-一般-*-*-五段-マ行-連用形-撥音便
たく,助動詞-*-*-*-助動詞-タイ-連用形-一般
深夜,名詞-普通名詞-副詞可能-*-*-*
召さ,動詞-一般-*-*-五段-サ行-未然形-一般
面前,名詞-普通名詞-一般-*-*-*
ぶり,接尾辞-名詞的-一般-*-*-*
相,接頭辞-*-*-*-*-*
逢う,動詞-一般-*-*-五段-ワア行-連用形-ウ音便
一切,名詞-普通名詞-副詞可能-*-*-*
語っ,動詞-一般-*-*-五段-ラ行-連用形-促音便
無言,名詞-普通名詞-一般-*-*-*
抱きしめ,動詞-一般-*-*-下一段-マ行-連用形-一般
よかっ,形容詞-非自立可能-*-*-形容詞-連用形-促音便
初夏,名詞-普通名詞-一般-*-*-*
満天,名詞-普通名詞-一般-*-*-*
星,名詞-普通名詞-一般-*-*-*
一睡,名詞-普通名詞-サ変可能-*-*-*
急ぎ,動詞-一般-*-*-五段-ガ行-連用形-一般
午前,名詞-普通名詞-副詞可能-*-*-*
仕事,名詞-普通名詞-サ変可能-*-*-*
代り,名詞-普通名詞-一般-*-*-*
羊群,名詞-普通名詞-一般-*-*-*
番,名詞-普通名詞-助数詞可能-*-*-*
よろめい,動詞-一般-*-*-五段-カ行-連用形-イ音便
困憊,名詞-普通名詞-サ変可能-*-*-*
見つけ,動詞-一般-*-*-下一段-カ行-連用形-一般
驚い,動詞-一般-*-*-五段-カ行-連用形-イ音便
うるさく,形容詞-一般-*-*-形容詞-連用形-一般
浴びせ,動詞-一般-*-*-下一段-サ行-連用形-一般
無理,名詞-普通名詞-形状詞可能-*-*-*
笑おう,動詞-一般-*-*-五段-ワア行-意志推量形
残し,動詞-一般-*-*-五段-サ行-連用形-一般
挙げる,動詞-非自立可能-*-*-下一段-ガ行-終止形-一般
早い,形容詞-一般-*-*-形容詞-連体形-一般
ほう,名詞-普通名詞-一般-*-*-*
よかろう,形容詞-非自立可能-*-*-形容詞-意志推量形
うれしい,形容詞-一般-*-*-形容詞-終止形-一般
綺麗,形状詞-一般-*-*-*-*
買っ,動詞-一般-*-*-五段-ワア行-連用形-促音便
さあ,感動詞-一般-*-*-*-*
あすだ,名詞-固有名詞-地名-一般-*-*
歩き,動詞-一般-*-*-五段-カ行-連用形-一般
祭壇,名詞-普通名詞-一般-*-*-*
飾り,動詞-一般-*-*-五段-ラ行-連用形-一般
席,名詞-普通名詞-一般-*-*-*
調え,動詞-一般-*-*-下一段-ア行-連用形-一般
間,名詞-普通名詞-助数詞可能-*-*-*
床,名詞-普通名詞-一般-*-*-*
倒れ伏し,動詞-一般-*-*-五段-サ行-連用形-一般
深い,形容詞-一般-*-*-形容詞-連体形-一般
眠り,名詞-普通名詞-一般-*-*-*
起き,動詞-一般-*-*-上一段-カ行-連用形-一般
訪れ,動詞-一般-*-*-下一段-ラ行-連用形-一般
頼ん,動詞-一般-*-*-五段-マ行-連用形-撥音便
驚き,動詞-一般-*-*-五段-カ行-連用形-一般
いけ,動詞-非自立可能-*-*-下一段-カ行-未然形-一般
こちら,代名詞-*-*-*-*-*
未だ,副詞-*-*-*-*-*
葡萄,名詞-普通名詞-一般-*-*-*
季節,名詞-普通名詞-一般-*-*-*
待つ,動詞-一般-*-*-五段-タ行-連体形-一般
給え,動詞-非自立可能-*-*-五段-ワア行-命令形
更に,副詞-*-*-*-*-*
押し,動詞-一般-*-*-五段-サ行-連用形-一般
たのん,動詞-一般-*-*-五段-マ行-連用形-撥音便
頑強,形状詞-一般-*-*-*-*
なかなか,副詞-*-*-*-*-*
承諾,名詞-普通名詞-サ変可能-*-*-*
夜明け,名詞-普通名詞-一般-*-*-*
議論,名詞-普通名詞-サ変可能-*-*-*
やっと,副詞-*-*-*-*-*
なだめ,動詞-一般-*-*-下一段-マ行-連用形-一般
すかし,動詞-一般-*-*-五段-サ行-連用形-一般
説き伏せ,動詞-一般-*-*-下一段-サ行-連用形-一般
行わ,動詞-一般-*-*-五段-ワア行-未然形-一般
新郎,名詞-普通名詞-一般-*-*-*
新婦,名詞-普通名詞-一般-*-*-*
宣誓,名詞-普通名詞-サ変可能-*-*-*
済ん,動詞-一般-*-*-五段-マ行-連用形-撥音便
ころ,名詞-普通名詞-副詞可能-*-*-*
黒雲,名詞-普通名詞-一般-*-*-*
空,名詞-普通名詞-一般-*-*-*
覆い,動詞-一般-*-*-五段-ワア行-連用形-一般
ぽつりぽつり,副詞-*-*-*-*-*
降り,動詞-一般-*-*-五段-ラ行-連用形-一般
車軸,名詞-普通名詞-一般-*-*-*
流す,動詞-一般-*-*-五段-サ行-連体形-一般
大雨,名詞-普通名詞-一般-*-*-*
列席,名詞-普通名詞-サ変可能-*-*-*
めいめい,名詞-普通名詞-一般-*-*-*
引きたて,動詞-一般-*-*-下一段-タ行-連用形-一般
狭い,形容詞-一般-*-*-形容詞-連体形-一般
むんむん,副詞-*-*-*-*-*
蒸し暑い,形容詞-一般-*-*-形容詞-連体形-一般
怺え,動詞-一般-*-*-下一段-ア行-連用形-一般
陽気,形状詞-一般-*-*-*-*
うたい,動詞-一般-*-*-五段-ワア行-連用形-一般
拍っ,動詞-一般-*-*-五段-タ行-連用形-促音便
満面,名詞-普通名詞-一般-*-*-*
喜色,名詞-普通名詞-一般-*-*-*
湛え,動詞-一般-*-*-下一段-ア行-連用形-一般
入っ,動詞-一般-*-*-五段-ラ行-連用形-促音便
乱れ,動詞-一般-*-*-下一段-ラ行-連用形-一般
華やか,形状詞-一般-*-*-*-*
人々,名詞-普通名詞-一般-*-*-*
外,名詞-普通名詞-一般-*-*-*
全く,副詞-*-*-*-*-*
一生,名詞-普通名詞-副詞可能-*-*-*
生涯,名詞-普通名詞-副詞可能-*-*-*
願っ,動詞-非自立可能-*-*-五段-ワア行-連用形-促音便
鞭打ち,動詞-一般-*-*-五段-タ行-連用形-一般
分,接尾辞-名詞的-サ変可能-*-*-*
一眠り,名詞-普通名詞-サ変可能-*-*-*
しよう,動詞-非自立可能-*-*-サ行変格-意志推量形
いよう,動詞-非自立可能-*-*-上一段-ア行-意志推量形
永く,形容詞-一般-*-*-形容詞-連用形-一般
愚図愚図,副詞-*-*-*-*-*
とどまっ,動詞-一般-*-*-五段-ラ行-連用形-促音便
たかっ,助動詞-*-*-*-助動詞-タイ-連用形-促音便
呆然,形状詞-タリ-*-*-*-*
歓喜,名詞-普通名詞-サ変可能-*-*-*
酔っ,動詞-一般-*-*-五段-ワア行-連用形-促音便
らしい,助動詞-*-*-*-助動詞-ラシイ-連体形-一般
近寄り,動詞-一般-*-*-五段-ラ行-連用形-一般
おめでとう,感動詞-一般-*-*-*-*
ご免,名詞-普通名詞-一般-*-*-*
こうむっ,動詞-一般-*-*-五段-ラ行-連用形-促音便
眠り,動詞-一般-*-*-五段-ラ行-連用形-一般
出かける,動詞-一般-*-*-下一段-カ行-終止形-一般
大切,形状詞-一般-*-*-*-*
優しい,形容詞-一般-*-*-形容詞-連体形-一般
寂しい,形容詞-一般-*-*-形容詞-連体形-一般
きらい,名詞-普通名詞-形状詞可能-*-*-*
つく,動詞-一般-*-*-五段-カ行-連体形-一般
知っ,動詞-一般-*-*-五段-ラ行-連用形-促音便
ね,助詞-終助詞-*-*-*-*
秘密,名詞-普通名詞-形状詞可能-*-*-*
作っ,動詞-一般-*-*-五段-ラ行-連用形-促音便
たぶん,副詞-*-*-*-*-*
偉い,形容詞-一般-*-*-形容詞-連体形-一般
誇り,名詞-普通名詞-一般-*-*-*
いろ,動詞-非自立可能-*-*-上一段-ア行-命令形
夢見,名詞-普通名詞-一般-*-*-*
心地,名詞-普通名詞-一般-*-*-*
首肯い,動詞-一般-*-*-五段-カ行-連用形-イ音便
肩,名詞-普通名詞-一般-*-*-*
たたい,動詞-一般-*-*-五段-カ行-連用形-イ音便
互,名詞-普通名詞-一般-*-*-*
いっ,動詞-一般-*-*-五段-ワア行-連用形-促音便
あげよう,動詞-非自立可能-*-*-下一段-ガ行-意志推量形
弟,名詞-普通名詞-一般-*-*-*
誇っ,動詞-一般-*-*-五段-ラ行-連用形-促音便
揉み手,名詞-普通名詞-サ変可能-*-*-*
てれ,動詞-一般-*-*-下一段-ラ行-連用形-一般
会釈,名詞-普通名詞-サ変可能-*-*-*
立ち去り,動詞-一般-*-*-五段-ラ行-連用形-一般
小屋,名詞-普通名詞-一般-*-*-*
もぐり込ん,動詞-一般-*-*-五段-マ行-連用形-撥音便
深く,形容詞-一般-*-*-形容詞-連用形-一般
眠っ,動詞-一般-*-*-五段-ラ行-連用形-促音便
薄明,名詞-普通名詞-一般-*-*-*
跳ね起き,動詞-一般-*-*-上一段-カ行-連用形-一般
南無三,感動詞-一般-*-*-*-*
寝過し,動詞-一般-*-*-五段-サ行-連用形-一般
まだまだ,副詞-*-*-*-*-*
刻限,名詞-普通名詞-一般-*-*-*
分間,名詞-普通名詞-助数詞可能-*-*-*
合う,動詞-非自立可能-*-*-五段-ワア行-終止形-一般
是非,副詞-*-*-*-*-*
存する,動詞-一般-*-*-サ行変格-連体形-一般
上っ,動詞-一般-*-*-五段-ラ行-連用形-促音便
悠々,形状詞-タリ-*-*-*-*
いくぶん,名詞-普通名詞-副詞可能-*-*-*
ぶるん,副詞-*-*-*-*-*
両腕,名詞-普通名詞-一般-*-*-*
雨中,名詞-普通名詞-副詞可能-*-*-*
矢,名詞-普通名詞-一般-*-*-*
走り出,動詞-一般-*-*-下一段-ダ行-連用形-一般
奸佞,名詞-普通名詞-形状詞可能-*-*-*
打ち破る,動詞-一般-*-*-五段-ラ行-連体形-一般
走ら,動詞-一般-*-*-五段-ラ行-未然形-一般
守れ,動詞-一般-*-*-五段-ラ行-命令形
さらば,感動詞-一般-*-*-*-*
ふるさと,名詞-普通名詞-一般-*-*-*
つらかっ,形容詞-一般-*-*-形容詞-連用形-促音便
立ちどまり,動詞-一般-*-*-五段-ラ行-連用形-一般
そう,形状詞-助動詞語幹-*-*-*-*
自身,名詞-普通名詞-副詞可能-*-*-*
叱り,動詞-一般-*-*-五段-ラ行-連用形-一般
横切り,動詞-一般-*-*-五段-ラ行-連用形-一般
森,名詞-普通名詞-一般-*-*-*
くぐり抜け,動詞-一般-*-*-下一段-カ行-連用形-一般
隣村,名詞-普通名詞-一般-*-*-*
着い,動詞-一般-*-*-五段-カ行-連用形-イ音便
止み,動詞-一般-*-*-五段-マ行-連用形-一般
暑く,形容詞-一般-*-*-形容詞-連用形-一般
額,名詞-普通名詞-一般-*-*-*
汗,名詞-普通名詞-一般-*-*-*
こぶし,名詞-普通名詞-一般-*-*-*
払い,動詞-一般-*-*-五段-ワア行-連用形-一般
来れ,動詞-非自立可能-*-*-カ行変格-仮定形-一般
故郷,名詞-普通名詞-一般-*-*-*
気がかり,形状詞-一般-*-*-*-*
まっすぐ,形状詞-一般-*-*-*-*
行き着け,動詞-一般-*-*-五段-カ行-仮定形-一般
よい,形容詞-非自立可能-*-*-形容詞-連体形-一般
急ぐ,動詞-一般-*-*-五段-ガ行-連体形-一般
必要,名詞-普通名詞-形状詞可能-*-*-*
ゆっくり,副詞-*-*-*-*-*
歩こう,動詞-一般-*-*-五段-カ行-意志推量形
持ちまえ,名詞-普通名詞-一般-*-*-*
呑気,形状詞-一般-*-*-*-*
さ,接尾辞-名詞的-一般-*-*-*
取り返し,動詞-一般-*-*-五段-サ行-連用形-一般
好き,形状詞-一般-*-*-*-*
小歌,名詞-普通名詞-一般-*-*-*
歌い出し,動詞-一般-*-*-五段-サ行-連用形-一般
行き,接尾辞-名詞的-一般-*-*-*
里程,名詞-普通名詞-一般-*-*-*
半ば,名詞-普通名詞-副詞可能-*-*-*
到達,名詞-普通名詞-サ変可能-*-*-*
降っ,動詞-一般-*-*-五段-ラ行-連用形-促音便
湧い,動詞-一般-*-*-五段-カ行-連用形-イ音便
災難,名詞-普通名詞-一般-*-*-*
足,名詞-普通名詞-一般-*-*-*
はたと,副詞-*-*-*-*-*
とまっ,動詞-一般-*-*-五段-ラ行-連用形-促音便
見よ,動詞-非自立可能-*-*-上一段-マ行-命令形
前方,名詞-普通名詞-一般-*-*-*
川,名詞-普通名詞-一般-*-*-*
きのう,名詞-普通名詞-副詞可能-*-*-*
山,名詞-普通名詞-一般-*-*-*
水源地,名詞-普通名詞-一般-*-*-*
氾濫,名詞-普通名詞-サ変可能-*-*-*
滔々,形状詞-タリ-*-*-*-*
下流,名詞-普通名詞-一般-*-*-*
集り,動詞-一般-*-*-五段-ラ行-連用形-一般
猛勢,名詞-普通名詞-サ変可能-*-*-*
一挙,名詞-普通名詞-一般-*-*-*
橋,名詞-普通名詞-一般-*-*-*
破壊,名詞-普通名詞-サ変可能-*-*-*
響き,名詞-普通名詞-一般-*-*-*
あげる,動詞-非自立可能-*-*-下一段-ガ行-連体形-一般
激流,名詞-普通名詞-一般-*-*-*
木葉,名詞-固有名詞-地名-一般-*-*
微塵,名詞-普通名詞-一般-*-*-*
橋桁,名詞-普通名詞-一般-*-*-*
跳ね飛ばし,動詞-一般-*-*-五段-サ行-連用形-一般
茫然,形状詞-タリ-*-*-*-*
立ちすくん,動詞-一般-*-*-五段-マ行-連用形-撥音便
あちこち,代名詞-*-*-*-*-*
眺めまわし,動詞-一般-*-*-五段-サ行-連用形-一般
限り,名詞-普通名詞-副詞可能-*-*-*
呼びたて,動詞-一般-*-*-下一段-タ行-連用形-一般
み,動詞-非自立可能-*-*-上一段-マ行-連用形-一般
繋舟,名詞-普通名詞-一般-*-*-*
残ら,動詞-一般-*-*-五段-ラ行-未然形-一般
浚わ,動詞-一般-*-*-五段-ワア行-未然形-一般
影,名詞-普通名詞-一般-*-*-*
渡,名詞-普通名詞-一般-*-*-*
守り,名詞-普通名詞-一般-*-*-*
見え,動詞-一般-*-*-下一段-ア行-未然形-一般
ふくれ上り,動詞-一般-*-*-五段-ラ行-連用形-一般
海,名詞-普通名詞-一般-*-*-*
川岸,名詞-普通名詞-一般-*-*-*
うずくまり,動詞-一般-*-*-五段-ラ行-連用形-一般
男泣き,名詞-普通名詞-一般-*-*-*
哀願,名詞-普通名詞-サ変可能-*-*-*
鎮め,動詞-一般-*-*-下一段-マ行-連用形-一般
刻々,副詞-*-*-*-*-*
過ぎ,動詞-非自立可能-*-*-上一段-ガ行-連用形-一般
しまわ,動詞-非自立可能-*-*-五段-ワア行-未然形-一般
行き着く,動詞-一般-*-*-五段-カ行-連体形-一般
叫び,名詞-普通名詞-一般-*-*-*
せせら笑う,動詞-一般-*-*-五段-ワア行-終止形-一般
ますます,副詞-*-*-*-*-*
激しく,形容詞-一般-*-*-形容詞-連用形-一般
躍り狂う,動詞-一般-*-*-五段-ワア行-終止形-一般
呑み,動詞-一般-*-*-五段-マ行-連用形-一般
捲き,動詞-一般-*-*-五段-カ行-連用形-一般
煽り立て,動詞-一般-*-*-下一段-タ行-連用形-一般
刻,名詞-普通名詞-一般-*-*-*
消え,動詞-一般-*-*-下一段-ア行-連用形-一般
切る,動詞-非自立可能-*-*-五段-ラ行-連体形-一般
あれ,動詞-非自立可能-*-*-五段-ラ行-命令形
負け,動詞-一般-*-*-下一段-カ行-未然形-一般
偉大,形状詞-一般-*-*-*-*
発揮,名詞-普通名詞-サ変可能-*-*-*
見せる,動詞-非自立可能-*-*-下一段-サ行-終止形-一般
ざんぶ,副詞-*-*-*-*-*
飛び込み,動詞-一般-*-*-五段-マ行-連用形-一般
百,名詞-数詞-*-*-*-*
匹,接尾辞-名詞的-助数詞-*-*-*
大蛇,名詞-普通名詞-一般-*-*-*
のた,副詞-*-*-*-*-*
打ち,動詞-一般-*-*-五段-タ行-連用形-一般
相手,名詞-普通名詞-一般-*-*-*
闘争,名詞-普通名詞-サ変可能-*-*-*
開始,名詞-普通名詞-サ変可能-*-*-*
満身,名詞-普通名詞-一般-*-*-*
こめ,動詞-一般-*-*-下一段-マ行-連用形-一般
押し寄せ,動詞-一般-*-*-下一段-サ行-連用形-一般
渦巻き,名詞-普通名詞-一般-*-*-*
引きずる,動詞-一般-*-*-五段-ラ行-連体形-一般
これしき,名詞-普通名詞-一般-*-*-*
めくら,名詞-普通名詞-一般-*-*-*
めっぽう,副詞-*-*-*-*-*
獅子,名詞-普通名詞-一般-*-*-*
奮迅,名詞-普通名詞-一般-*-*-*
子,名詞-普通名詞-一般-*-*-*
哀れ,名詞-普通名詞-形状詞可能-*-*-*
憐愍,名詞-普通名詞-一般-*-*-*
垂れ,動詞-一般-*-*-下一段-ラ行-連用形-一般
押し流さ,動詞-一般-*-*-五段-サ行-未然形-一般
つつ,助詞-接続助詞-*-*-*-*
見事,形状詞-一般-*-*-*-*
対岸,名詞-普通名詞-一般-*-*-*
樹木,名詞-普通名詞-一般-*-*-*
幹,名詞-普通名詞-一般-*-*-*
すがりつく,動詞-一般-*-*-五段-カ行-連体形-一般
馬,名詞-普通名詞-一般-*-*-*
胴震い,名詞-普通名詞-サ変可能-*-*-*
また,副詞-*-*-*-*-*
先き,名詞-普通名詞-副詞可能-*-*-*
いえ,動詞-一般-*-*-五段-ワア行-仮定形-一般
ど,助詞-接続助詞-*-*-*-*
西,名詞-普通名詞-一般-*-*-*
傾きかけ,動詞-一般-*-*-下一段-カ行-連用形-一般
ぜいぜい,副詞-*-*-*-*-*
荒い,形容詞-一般-*-*-形容詞-連体形-一般
突然,副詞-*-*-*-*-*
一隊,名詞-普通名詞-一般-*-*-*
躍り出,動詞-一般-*-*-下一段-ダ行-連用形-一般
放せ,動詞-一般-*-*-五段-サ行-命令形
どっこい,感動詞-一般-*-*-*-*
放さ,動詞-一般-*-*-五段-サ行-未然形-一般
持ちもの,名詞-普通名詞-一般-*-*-*
行け,動詞-非自立可能-*-*-五段-カ行-命令形
欲しい,形容詞-非自立可能-*-*-形容詞-連体形-一般
待ち伏せ,名詞-普通名詞-サ変可能-*-*-*
言わ,動詞-一般-*-*-五段-ワア行-未然形-一般
一斉,名詞-普通名詞-一般-*-*-*
振り,動詞-一般-*-*-五段-ラ行-連用形-一般
ひょい,副詞-*-*-*-*-*
折り曲げ,動詞-一般-*-*-下一段-ガ行-連用形-一般
飛鳥,名詞-固有名詞-地名-一般-*-*
身近,形状詞-一般-*-*-*-*
襲いかかり,動詞-一般-*-*-五段-ラ行-連用形-一般
奪い取っ,動詞-一般-*-*-五段-ラ行-連用形-促音便
気の毒,形状詞-一般-*-*-*-*
猛然,副詞-*-*-*-*-*
一撃,名詞-普通名詞-サ変可能-*-*-*
殴り倒し,動詞-一般-*-*-五段-サ行-連用形-一般
残る,動詞-一般-*-*-五段-ラ行-連体形-一般
ひるむ,動詞-一般-*-*-五段-マ行-連体形-一般
隙,名詞-普通名詞-一般-*-*-*
さっさと,副詞-*-*-*-*-*
下っ,動詞-一般-*-*-五段-ラ行-連用形-促音便
流石,副詞-*-*-*-*-*
折,名詞-普通名詞-副詞可能-*-*-*
午後,名詞-普通名詞-副詞可能-*-*-*
灼熱,名詞-普通名詞-サ変可能-*-*-*
まとも,形状詞-一般-*-*-*-*
かっと,副詞-*-*-*-*-*
照っ,動詞-一般-*-*-五段-ラ行-連用形-促音便
眩暈,名詞-普通名詞-一般-*-*-*
取り直し,動詞-一般-*-*-五段-サ行-連用形-一般
歩,名詞-普通名詞-助数詞可能-*-*-*
あるい,動詞-一般-*-*-五段-カ行-連用形-イ音便
がくり,副詞-*-*-*-*-*
膝,名詞-普通名詞-一般-*-*-*
折っ,動詞-一般-*-*-五段-ラ行-連用形-促音便
立ち上る,動詞-一般-*-*-五段-ラ行-連体形-一般
天,名詞-普通名詞-一般-*-*-*
仰い,動詞-一般-*-*-五段-ガ行-連用形-イ音便
くやし泣き,名詞-普通名詞-一般-*-*-*
あ,感動詞-一般-*-*-*-*
切り,動詞-非自立可能-*-*-五段-ラ行-連用形-一般
撃ち倒し,動詞-一般-*-*-五段-サ行-連用形-一般
韋駄天,名詞-固有名詞-一般-*-*-*
愛する,動詞-一般-*-*-サ行変格-連体形-一般
れ,助動詞-*-*-*-助動詞-レル-未然形-一般
稀代,名詞-普通名詞-形状詞可能-*-*-*
まさしく,副詞-*-*-*-*-*
思う,動詞-一般-*-*-五段-ワア行-連体形-一般
壺,名詞-普通名詞-一般-*-*-*
叱っ,動詞-一般-*-*-五段-ラ行-連用形-促音便
全身,名詞-普通名詞-一般-*-*-*
萎え,動詞-一般-*-*-下一段-ア行-連用形-一般
芋虫,名詞-普通名詞-一般-*-*-*
前進,名詞-普通名詞-サ変可能-*-*-*
かなわ,動詞-一般-*-*-五段-ワア行-未然形-一般
路傍,名詞-普通名詞-一般-*-*-*
草原,名詞-普通名詞-一般-*-*-*
ごろり,副詞-*-*-*-*-*
寝ころがっ,動詞-一般-*-*-五段-ラ行-連用形-促音便
身体,名詞-普通名詞-一般-*-*-*
精神,名詞-普通名詞-一般-*-*-*
やら,動詞-非自立可能-*-*-五段-ラ行-未然形-一般
不,接頭辞-*-*-*-*-*
似合い,名詞-普通名詞-一般-*-*-*
不貞腐れ,動詞-一般-*-*-下一段-ラ行-連用形-一般
根性,名詞-普通名詞-一般-*-*-*
隅,名詞-普通名詞-一般-*-*-*
巣喰っ,動詞-一般-*-*-五段-ワア行-連用形-促音便
努力,名詞-普通名詞-サ変可能-*-*-*
破る,動詞-一般-*-*-五段-ラ行-連体形-一般
徒,名詞-普通名詞-一般-*-*-*
できる,動詞-非自立可能-*-*-上一段-カ行-連体形-一般
截ち割っ,動詞-一般-*-*-五段-ラ行-連用形-促音便
真紅,名詞-普通名詞-一般-*-*-*
掛け,動詞-非自立可能-*-*-下一段-カ行-連用形-一般
血液,名詞-普通名詞-一般-*-*-*
動い,動詞-一般-*-*-五段-カ行-連用形-イ音便
根,名詞-普通名詞-一般-*-*-*
尽き,動詞-一般-*-*-上一段-カ行-連用形-一般
よくよく,副詞-*-*-*-*-*
不幸,名詞-普通名詞-形状詞可能-*-*-*
一家,名詞-普通名詞-一般-*-*-*
欺い,動詞-一般-*-*-五段-カ行-連用形-イ音便
中途,名詞-普通名詞-一般-*-*-*
倒れる,動詞-一般-*-*-下一段-ラ行-連体形-一般
ない,助動詞-*-*-*-助動詞-ナイ-連体形-一般
定っ,動詞-一般-*-*-五段-ラ行-連用形-促音便
運命,名詞-普通名詞-一般-*-*-*
知れ,動詞-一般-*-*-下一段-ラ行-未然形-一般
いつ,代名詞-*-*-*-*-*
欺か,動詞-一般-*-*-五段-カ行-未然形-一般
私たち,代名詞-*-*-*-*-*
本当,名詞-普通名詞-一般-*-*-*
いち,名詞-数詞-*-*-*-*
ど,名詞-普通名詞-助数詞可能-*-*-*
疑惑,名詞-普通名詞-一般-*-*-*
雲,名詞-普通名詞-一般-*-*-*
互い,名詞-普通名詞-一般-*-*-*
宿し,動詞-一般-*-*-五段-サ行-連用形-一般
いまだ,副詞-*-*-*-*-*
無心,形状詞-一般-*-*-*-*
よく,副詞-*-*-*-*-*
思え,動詞-一般-*-*-五段-ワア行-仮定形-一般
この世,名詞-普通名詞-一般-*-*-*
誇る,動詞-一般-*-*-五段-ラ行-終止形-一般
欺く,動詞-一般-*-*-五段-カ行-連体形-一般
急ぎ,名詞-普通名詞-副詞可能-*-*-*
囲み,名詞-普通名詞-一般-*-*-*
するり,副詞-*-*-*-*-*
抜け,動詞-非自立可能-*-*-下一段-カ行-連用形-一般
上,名詞-普通名詞-副詞可能-*-*-*
望み,動詞-一般-*-*-五段-マ行-連用形-一般
給う,動詞-非自立可能-*-*-文語四段-ハ行-終止形-ウ音便
放っ,動詞-一般-*-*-五段-ラ行-連用形-促音便
負け,動詞-一般-*-*-下一段-カ行-連用形-一般
だらし,名詞-普通名詞-一般-*-*-*
耳打ち,名詞-普通名詞-サ変可能-*-*-*
助け,動詞-一般-*-*-下一段-カ行-連用形-一般
卑劣,名詞-普通名詞-形状詞可能-*-*-*
憎ん,動詞-一般-*-*-五段-マ行-連用形-撥音便
みる,動詞-非自立可能-*-*-上一段-マ行-終止形-一般
言う,動詞-一般-*-*-五段-ワア行-連体形-一般
ひとり合点,名詞-普通名詞-サ変可能-*-*-*
笑い,動詞-一般-*-*-五段-ワア行-連用形-一般
放免,名詞-普通名詞-サ変可能-*-*-*
つらい,形容詞-一般-*-*-形容詞-終止形-一般
裏切,名詞-普通名詞-一般-*-*-*
地上,名詞-普通名詞-一般-*-*-*
不名誉,名詞-普通名詞-形状詞可能-*-*-*
人種,名詞-普通名詞-一般-*-*-*
一緒,名詞-普通名詞-サ変可能-*-*-*
ちがい,名詞-普通名詞-一般-*-*-*
ひとりよがり,名詞-普通名詞-形状詞可能-*-*-*
いっそ,副詞-*-*-*-*-*
悪徳者,名詞-普通名詞-一般-*-*-*
生き伸び,動詞-一般-*-*-上一段-バ行-連用形-一般
居る,動詞-非自立可能-*-*-上一段-ア行-終止形-一般
まさか,副詞-*-*-*-*-*
追い出す,動詞-一般-*-*-五段-サ行-連体形-一般
正義,名詞-固有名詞-人名-名-*-*
みれ,動詞-非自立可能-*-*-上一段-マ行-仮定形-一般
くだら,動詞-一般-*-*-五段-ラ行-未然形-一般
生きる,動詞-一般-*-*-上一段-カ行-終止形-一般
世界,名詞-普通名詞-一般-*-*-*
定法,名詞-普通名詞-一般-*-*-*
か,代名詞-*-*-*-*-*
ばかばかしい,形容詞-一般-*-*-形容詞-終止形-一般
醜い,形容詞-一般-*-*-形容詞-連体形-一般
裏切り,名詞-普通名詞-一般-*-*-*
勝手に,副詞-*-*-*-*-*
やん,動詞-非自立可能-*-*-五段-ラ行-未然形-撥音便
ぬる,助動詞-*-*-*-文語助動詞-ヌ-連体形-一般
哉,助詞-終助詞-*-*-*-*
四肢,名詞-普通名詞-一般-*-*-*
投げ出し,動詞-一般-*-*-五段-サ行-連用形-一般
うとうと,副詞-*-*-*-*-*
まどろん,動詞-一般-*-*-五段-マ行-連用形-撥音便
ふと,副詞-*-*-*-*-*
潺々,副詞-*-*-*-*-*
流れる,動詞-一般-*-*-下一段-ラ行-連体形-一般
もたげ,動詞-一般-*-*-下一段-ガ行-連用形-一般
息,名詞-普通名詞-一般-*-*-*
呑ん,動詞-一般-*-*-五段-マ行-連用形-撥音便
すまし,動詞-一般-*-*-五段-サ行-連用形-一般
流れ,動詞-一般-*-*-下一段-ラ行-連用形-一般
らしい,助動詞-*-*-*-助動詞-ラシイ-終止形-一般
起き上っ,動詞-一般-*-*-五段-ラ行-連用形-促音便
見る,動詞-非自立可能-*-*-上一段-マ行-終止形-一般
岩,名詞-普通名詞-一般-*-*-*
裂目,名詞-普通名詞-一般-*-*-*
滾々,副詞-*-*-*-*-*
囁き,動詞-一般-*-*-五段-カ行-連用形-一般
清水,名詞-固有名詞-人名-姓-*-*
湧き出,動詞-一般-*-*-下一段-ダ行-連用形-一般
泉,名詞-普通名詞-一般-*-*-*
吸い込ま,動詞-一般-*-*-五段-マ行-未然形-一般
かがめ,動詞-一般-*-*-下一段-マ行-連用形-一般
掬っ,動詞-一般-*-*-五段-ワア行-連用形-促音便
くち,名詞-普通名詞-一般-*-*-*
飲ん,動詞-一般-*-*-五段-マ行-連用形-撥音便
ほう,感動詞-一般-*-*-*-*
長い,形容詞-一般-*-*-形容詞-連体形-一般
歩ける,動詞-一般-*-*-下一段-カ行-終止形-一般
肉体,名詞-普通名詞-一般-*-*-*
恢復,名詞-普通名詞-サ変可能-*-*-*
わずか,形状詞-一般-*-*-*-*
義務,名詞-普通名詞-一般-*-*-*
遂行,名詞-普通名詞-サ変可能-*-*-*
斜陽,名詞-普通名詞-一般-*-*-*
赤い,形容詞-一般-*-*-形容詞-連体形-一般
光,名詞-普通名詞-一般-*-*-*
樹々,名詞-普通名詞-一般-*-*-*
投じ,動詞-一般-*-*-サ行変格-連用形-一般
枝,名詞-普通名詞-一般-*-*-*
燃える,動詞-一般-*-*-下一段-ア行-終止形-一般
輝い,動詞-一般-*-*-五段-カ行-連用形-イ音便
疑わ,動詞-一般-*-*-五段-ワア行-未然形-一般
期待,名詞-普通名詞-サ変可能-*-*-*
なぞ,助詞-副助詞-*-*-*-*
報い,動詞-一般-*-*-上一段-ア行-未然形-一般
ただ,副詞-*-*-*-*-*
一事,名詞-普通名詞-一般-*-*-*
走れ,動詞-一般-*-*-五段-ラ行-命令形
悪魔,名詞-普通名詞-一般-*-*-*
囁き,名詞-普通名詞-一般-*-*-*
しまえ,動詞-非自立可能-*-*-五段-ワア行-命令形
五臓,名詞-普通名詞-一般-*-*-*
ふい,副詞-*-*-*-*-*
あんな,形状詞-一般-*-*-*-*
見る,動詞-非自立可能-*-*-上一段-マ行-連体形-一般
恥,名詞-普通名詞-一般-*-*-*
再び,副詞-*-*-*-*-*
立っ,動詞-一般-*-*-五段-タ行-連用形-促音便
走れる,動詞-一般-*-*-下一段-ラ行-連体形-一般
士,名詞-普通名詞-一般-*-*-*
出来る,動詞-非自立可能-*-*-上一段-カ行-終止形-一般
ずんずん,副詞-*-*-*-*-*
押しのけ,動詞-一般-*-*-下一段-カ行-連用形-一般
跳ねとばし,動詞-一般-*-*-五段-サ行-連用形-一般
黒い,形容詞-一般-*-*-形容詞-連体形-一般
野原,名詞-普通名詞-一般-*-*-*
まっただ中,名詞-普通名詞-一般-*-*-*
駈け抜け,動詞-一般-*-*-下一段-カ行-連用形-一般
仰天,名詞-普通名詞-サ変可能-*-*-*
犬,名詞-普通名詞-一般-*-*-*
蹴とばし,動詞-一般-*-*-五段-サ行-連用形-一般
小川,名詞-普通名詞-一般-*-*-*
飛び越え,動詞-一般-*-*-下一段-ア行-連用形-一般
一団,名詞-普通名詞-一般-*-*-*
旅人,名詞-普通名詞-一般-*-*-*
颯,副詞-*-*-*-*-*
っと,助詞-格助詞-*-*-*-*
すれちがっ,動詞-一般-*-*-五段-ワア行-連用形-促音便
瞬間,名詞-普通名詞-副詞可能-*-*-*
会話,名詞-普通名詞-サ変可能-*-*-*
小耳,名詞-普通名詞-一般-*-*-*
はさん,動詞-一般-*-*-五段-マ行-連用形-撥音便
いまごろ,名詞-普通名詞-副詞可能-*-*-*
かかっ,動詞-非自立可能-*-*-五段-ラ行-連用形-促音便
こんな,形状詞-一般-*-*-*-*
急げ,動詞-一般-*-*-五段-ガ行-命令形
風態,名詞-普通名詞-一般-*-*-*
なんか,助詞-副助詞-*-*-*-*
ほとんど,名詞-普通名詞-副詞可能-*-*-*
血,名詞-普通名詞-一般-*-*-*
噴き出,動詞-一般-*-*-下一段-ダ行-連用形-一般
はるか,副詞-*-*-*-*-*
向う,名詞-普通名詞-一般-*-*-*
受け,動詞-一般-*-*-下一段-カ行-連用形-一般
きらきら,副詞-*-*-*-*-*
光っ,動詞-一般-*-*-五段-ラ行-連用形-促音便
うめく,動詞-一般-*-*-五段-カ行-連体形-一般
尋ね,動詞-一般-*-*-下一段-ナ行-連用形-一般
貴方,代名詞-*-*-*-*-*
弟子,名詞-普通名詞-一般-*-*-*
後,名詞-普通名詞-副詞可能-*-*-*
駄目,名詞-普通名詞-形状詞可能-*-*-*
助け,名詞-普通名詞-一般-*-*-*
ん,助動詞-*-*-*-助動詞-ヌ-終止形-撥音便
ちょうど,副詞-*-*-*-*-*
死刑,名詞-普通名詞-一般-*-*-*
遅かっ,形容詞-一般-*-*-形容詞-連用形-促音便
うらみ,動詞-一般-*-*-五段-マ行-連用形-一般
申し,動詞-一般-*-*-五段-サ行-連用形-一般
ほんの,連体詞-*-*-*-*-*
早かっ,形容詞-一般-*-*-形容詞-連用形-促音便
張り裂ける,動詞-一般-*-*-下一段-カ行-連体形-一般
思い,名詞-普通名詞-一般-*-*-*
赤く,形容詞-一般-*-*-形容詞-連用形-一般
ご自分,名詞-普通名詞-一般-*-*-*
方,名詞-普通名詞-助数詞可能-*-*-*
平気,名詞-普通名詞-形状詞可能-*-*-*
さんざん,副詞-*-*-*-*-*
からかっ,動詞-一般-*-*-五段-ワア行-連用形-促音便
強い,形容詞-一般-*-*-形容詞-連体形-一般
信念,名詞-普通名詞-一般-*-*-*
持ち,動詞-一般-*-*-五段-タ行-連用形-一般
間に合う,動詞-一般-*-*-五段-ワア行-連体形-一般
恐ろしく,形容詞-一般-*-*-形容詞-連用形-一般
狂っ,動詞-一般-*-*-五段-ワア行-連用形-促音便
うんと,副詞-*-*-*-*-*
ひょっと,副詞-*-*-*-*-*
や,助詞-副助詞-*-*-*-*
及ぶ,動詞-一般-*-*-五段-バ行-終止形-一般
死力,名詞-普通名詞-一般-*-*-*
尽し,動詞-非自立可能-*-*-五段-サ行-連用形-一般
からっぽ,名詞-普通名詞-形状詞可能-*-*-*
ひきずら,動詞-一般-*-*-五段-ラ行-未然形-一般
ゆらゆら,副詞-*-*-*-*-*
地平線,名詞-普通名詞-一般-*-*-*
没し,動詞-一般-*-*-サ行変格-連用形-一般
まさに,副詞-*-*-*-*-*
片,接尾辞-名詞的-一般-*-*-*
残光,名詞-普通名詞-一般-*-*-*
消えよう,動詞-一般-*-*-下一段-ア行-意志推量形
疾風,名詞-普通名詞-一般-*-*-*
突入,名詞-普通名詞-サ変可能-*-*-*
間に合っ,動詞-一般-*-*-五段-ワア行-連用形-促音便
とおり,名詞-普通名詞-助数詞可能-*-*-*
むかっ,動詞-一般-*-*-五段-ワア行-連用形-促音便
喉,名詞-普通名詞-一般-*-*-*
つぶれ,動詞-一般-*-*-下一段-ラ行-連用形-一般
幽か,形状詞-一般-*-*-*-*
つか,動詞-非自立可能-*-*-五段-カ行-未然形-一般
すでに,副詞-*-*-*-*-*
柱,名詞-普通名詞-一般-*-*-*
高々,副詞-*-*-*-*-*
立て,動詞-一般-*-*-下一段-タ行-未然形-一般
徐々,名詞-普通名詞-一般-*-*-*
ゆく,動詞-非自立可能-*-*-五段-カ行-終止形-一般
目撃,名詞-普通名詞-サ変可能-*-*-*
勇,名詞-固有名詞-人名-名-*-*
泳い,動詞-一般-*-*-五段-ガ行-連用形-イ音便
掻き,名詞-普通名詞-一般-*-*-*
刑吏,名詞-普通名詞-一般-*-*-*
かすれ,動詞-一般-*-*-下一段-ラ行-連用形-一般
叫び,動詞-一般-*-*-五段-バ行-連用形-一般
昇り,動詞-一般-*-*-五段-ラ行-連用形-一般
両足,名詞-普通名詞-一般-*-*-*
齧り,動詞-一般-*-*-五段-ラ行-連用形-一般
どよめい,動詞-一般-*-*-五段-カ行-連用形-イ音便
あっぱれ,形状詞-一般-*-*-*-*
ゆるせ,動詞-一般-*-*-下一段-サ行-連用形-一般
口々,名詞-普通名詞-一般-*-*-*
わめい,動詞-一般-*-*-五段-カ行-連用形-イ音便
ほどか,動詞-一般-*-*-五段-カ行-未然形-一般
涙,名詞-普通名詞-サ変可能-*-*-*
浮べ,動詞-一般-*-*-下一段-バ行-連用形-一般
ちから,名詞-普通名詞-一般-*-*-*
途中,名詞-普通名詞-副詞可能-*-*-*
見,動詞-非自立可能-*-*-上一段-マ行-連用形-一般
若し,副詞-*-*-*-*-*
資格,名詞-普通名詞-一般-*-*-*
すべて,名詞-普通名詞-副詞可能-*-*-*
察し,動詞-一般-*-*-サ行変格-連用形-一般
鳴り響く,動詞-一般-*-*-五段-カ行-連体形-一般
右頬,名詞-普通名詞-一般-*-*-*
優しく,形容詞-一般-*-*-形容詞-連用形-一般
微笑み,動詞-一般-*-*-五段-マ行-連用形-一般
ちら,副詞-*-*-*-*-*
はじめて,副詞-*-*-*-*-*
でき,動詞-非自立可能-*-*-上一段-カ行-未然形-一般
唸り,名詞-普通名詞-一般-*-*-*
つけ,動詞-非自立可能-*-*-下一段-カ行-連用形-一般
同時,名詞-普通名詞-一般-*-*-*
抱き合い,動詞-一般-*-*-五段-ワア行-連用形-一般
嬉し泣き,名詞-普通名詞-サ変可能-*-*-*
おいおい,副詞-*-*-*-*-*
放っ,動詞-一般-*-*-五段-タ行-連用形-促音便
歔欷,名詞-普通名詞-サ変可能-*-*-*
背後,名詞-普通名詞-一般-*-*-*
様,名詞-普通名詞-一般-*-*-*
まじまじ,副詞-*-*-*-*-*
近づき,動詞-一般-*-*-五段-カ行-連用形-一般
こう,副詞-*-*-*-*-*
望み,名詞-普通名詞-一般-*-*-*
叶っ,動詞-一般-*-*-五段-ワア行-連用形-促音便
勝っ,動詞-一般-*-*-五段-タ行-連用形-促音便
空虚,名詞-普通名詞-形状詞可能-*-*-*
妄想,名詞-普通名詞-サ変可能-*-*-*
入れ,動詞-一般-*-*-下一段-ラ行-連用形-一般
まい,助動詞-*-*-*-助動詞-マイ-終止形-一般
聞き入れ,動詞-一般-*-*-下一段-ラ行-連用形-一般
ほしい,形容詞-非自立可能-*-*-形容詞-終止形-一般
どっと,副詞-*-*-*-*-*
歓声,名詞-普通名詞-一般-*-*-*
起っ,動詞-一般-*-*-五段-ラ行-連用形-促音便
少女,名詞-普通名詞-一般-*-*-*
緋,名詞-普通名詞-一般-*-*-*
捧げ,動詞-一般-*-*-下一段-ガ行-連用形-一般
まごつい,動詞-一般-*-*-五段-カ行-連用形-イ音便
きか,動詞-一般-*-*-五段-カ行-未然形-一般
まっぱだか,名詞-普通名詞-一般-*-*-*
じゃ,助動詞-*-*-*-助動詞-ダ-連用形-融合
着る,動詞-一般-*-*-上一段-カ行-終止形-一般
可愛い,形容詞-一般-*-*-形容詞-連体形-一般
娘,名詞-普通名詞-一般-*-*-*
さん,接尾辞-名詞的-一般-*-*-*
見,動詞-非自立可能-*-*-上一段-マ行-未然形-一般
られる,助動詞-*-*-*-助動詞-レル-連体形-一般
口惜しい,形容詞-一般-*-*-形容詞-連体形-一般
ひどく,形容詞-一般-*-*-形容詞-連用形-一般
赤面,名詞-普通名詞-サ変可能-*-*-*
,
,
,
,空白-*-*-*-*-*